entity_type,entity_id,matches,wins,win_rate,uses,pick_rate,avg_damage_per_use,hit_rate,crit_rate,avg_damage_at_tier0,avg_damage_at_tier1,avg_damage_at_tier2,avg_damage_at_tier3
"skill","wulfric_slash",50,0,0,550,0.710594315245478,4.338181818181818,0.9090909090909091,0.1709090909090909,4.401162790697675,4.537037037037037,5.348101265822785,6.125
"skill","spider_web",50,0,0,224,0.28940568475452194,2.34375,0.8571428571428571,0.10714285714285714,2.6338028169014085,2.6607142857142856,2.85,3.6
